region,year,sale_type,count,avg_price,median_price
AK,2000.0,sale,12,142220.88166666665,142444.32
AK,2001.0,sale,12,164384.6325,167549.245
AK,2002.0,sale,12,179900.14583333334,180455.37
AK,2003.0,sale,12,188890.52416666667,188313.04499999998
AK,2004.0,sale,12,202886.85,201921.02
AK,2005.0,sale,41,220031.75,215380.23
AK,2006.0,sale,48,238211.18458333332,229971.93
AK,2007.0,sale,48,249537.44041666668,240679.26
AK,2008.0,sale,48,251360.46729166666,247168.875
AK,2009.0,sale,48,249291.149375,243862.59499999997
AK,2010.0,sale,48,248620.30041666667,243355.03
AK,2011.0,sale,48,247410.363125,240255.935
AK,2012.0,sale,45,249619.15488888888,230783.46
AK,2013.0,sale,48,261533.38,254140.245
AK,2014.0,sale,48,266246.63645833335,262174.255
AK,2015.0,sale,48,277930.36375,275163.345
AK,2016.0,sale,48,286909.54125,285609.78
AK,2017.0,sale,48,293239.0989583333,289173.55
AK,2018.0,sale,48,302222.881875,298163.905
AK,2019.0,sale,46,315563.60217391304,313241.19499999995
AK,2020.0,sale,48,327407.25166666665,331720.555
AK,2021.0,sale,48,345415.0958333333,349047.775
AK,2022.0,sale,48,368040.276875,374505.96
AK,2023.0,sale,48,369774.72833333333,375590.015
AK,2024.0,sale,48,375225.84125,378702.99
AK,2025.0,sale,32,383356.06,395111.29500000004
AL,2000.0,sale,100,106455.4263,106105.92
AL,2001.0,sale,121,107213.85719008265,106505.55
AL,2002.0,sale,140,106408.2945,106167.42
AL,2003.0,sale,154,106883.42071428572,102287.505
AL,2004.0,sale,156,110568.7526923077,104809.14
AL,2005.0,sale,150,118105.9502,114553.98999999999
AL,2006.0,sale,160,126757.2894375,125945.13500000001
AL,2007.0,sale,168,131835.92166666666,132284.095
AL,2008.0,sale,168,132523.36898809523,135575.84
AL,2009.0,sale,181,127626.35585635359,123202.32
AL,2010.0,sale,204,119311.09656862746,110051.88
AL,2011.0,sale,216,113881.6126388889,108704.88
AL,2012.0,sale,223,115359.10484304932,110580.83
AL,2013.0,sale,228,122169.7949122807,116955.51
AL,2014.0,sale,228,127496.00035087719,124879.84
AL,2015.0,sale,228,128253.30105263158,120482.12
AL,2016.0,sale,239,132349.8508786611,125471.55
AL,2017.0,sale,240,135135.54116666666,126135.465
AL,2018.0,sale,240,140165.523,127696.98999999999
AL,2019.0,sale,240,147232.84525,133845.32
AL,2020.0,sale,240,158450.58929166666,143292.485
AL,2021.0,sale,240,178823.27733333333,160502.485
AL,2022.0,sale,240,200419.06666666668,181506.495
AL,2023.0,sale,240,205817.27995833333,189353.725
AL,2024.0,sale,240,210853.74954166668,196051.77500000002
AL,2025.0,sale,160,213653.755,199312.66
AR,2000.0,sale,216,81235.5625925926,85305.485
AR,2001.0,sale,216,84559.80777777778,88367.81
AR,2002.0,sale,216,86711.28712962964,89294.22
AR,2003.0,sale,223,88362.3531838565,90753.48
AR,2004.0,sale,224,93333.86575892857,94743.09
AR,2005.0,sale,227,100116.3206167401,101583.61
AR,2006.0,sale,228,106915.23969298246,107066.20999999999
AR,2007.0,sale,224,109979.44473214286,109532.05
AR,2008.0,sale,227,110544.97942731278,109189.88
AR,2009.0,sale,224,107299.72111607144,107418.76999999999
AR,2010.0,sale,228,104780.8223245614,104401.0
AR,2011.0,sale,228,102957.02210526315,101686.015
AR,2012.0,sale,223,104787.50147982062,108230.35
AR,2013.0,sale,237,104580.11890295359,108423.06
AR,2014.0,sale,240,104436.16029166666,108524.195
AR,2015.0,sale,240,106906.35866666667,111690.935
AR,2016.0,sale,240,112032.607875,118339.785
AR,2017.0,sale,240,115461.59283333333,121429.61
AR,2018.0,sale,240,119539.153625,125138.53
AR,2019.0,sale,240,123870.17341666667,130785.805
AR,2020.0,sale,240,132023.41691666667,137047.19
AR,2021.0,sale,240,147980.607875,151511.04499999998
AR,2022.0,sale,240,162537.55370833335,164729.245
AR,2023.0,sale,240,165513.11758333334,170495.605
AR,2024.0,sale,240,169898.96529166665,176892.39500000002
AR,2025.0,sale,160,170918.910375,176432.97999999998
AZ,2000.0,sale,96,111606.15958333333,102273.66500000001
AZ,2001.0,sale,96,118047.59239583333,107969.905
AZ,2002.0,sale,105,124433.11628571429,115015.49
AZ,2003.0,sale,108,132597.3175925926,122566.045
AZ,2004.0,sale,105,147426.32895238095,136390.2
AZ,2005.0,sale,107,184454.18056074766,176774.64
AZ,2006.0,sale,108,227067.1700925926,217405.505
AZ,2007.0,sale,108,231977.055,227068.91499999998
AZ,2008.0,sale,119,207549.18697478992,201935.89
AZ,2009.0,sale,120,176982.863,175478.81
AZ,2010.0,sale,120,159852.8075,158541.62
AZ,2011.0,sale,120,143384.01325,140383.035
AZ,2012.0,sale,120,146058.00925,144778.56
AZ,2013.0,sale,120,158550.22325,157890.47999999998
AZ,2014.0,sale,120,169633.64108333332,160682.135
AZ,2015.0,sale,120,178843.34866666666,171509.2
AZ,2016.0,sale,120,188137.94666666666,180891.185
AZ,2017.0,sale,120,198559.64958333335,192366.72
AZ,2018.0,sale,120,211283.63308333332,206227.87
AZ,2019.0,sale,120,227574.18858333334,224568.25
AZ,2020.0,sale,120,248406.11733333333,240757.775
AZ,2021.0,sale,120,301750.6269166667,290766.54000000004
AZ,2022.0,sale,120,356291.73675,352065.57999999996
AZ,2023.0,sale,120,353511.7681666667,347207.48
AZ,2024.0,sale,120,364566.7985,351839.45999999996
AZ,2025.0,sale,80,365869.777875,348539.21499999997
CA,2000.0,sale,240,217280.71925,220270.72499999998
CA,2001.0,sale,312,230817.89955128205,216222.7
CA,2002.0,sale,312,256298.78096153846,245441.215
CA,2003.0,sale,336,285183.4360714286,271242.315
CA,2004.0,sale,347,331422.26982708933,311022.44
CA,2005.0,sale,348,405086.91146551725,385393.115
CA,2006.0,sale,348,447026.74416666664,429189.03
CA,2007.0,sale,383,405537.9869712794,391254.1
CA,2008.0,sale,384,337765.9911979167,300741.515
CA,2009.0,sale,384,275250.280390625,227550.055
CA,2010.0,sale,384,267520.908359375,215468.79499999998
CA,2011.0,sale,384,250347.43119791668,198563.14
CA,2012.0,sale,395,242592.65243037973,189534.06
CA,2013.0,sale,396,279641.3886616162,222192.57
CA,2014.0,sale,396,318254.0061616162,271934.635
CA,2015.0,sale,396,345216.4784343434,292447.555
CA,2016.0,sale,407,370611.37474201474,308723.77
CA,2017.0,sale,408,397290.02085784316,336104.13
CA,2018.0,sale,408,432112.6050735294,368302.28500000003
CA,2019.0,sale,408,445342.9928921569,382900.745
CA,2020.0,sale,408,464665.3050245098,401540.355
CA,2021.0,sale,408,536340.3900245097,456075.35
CA,2022.0,sale,407,600975.021990172,505032.99
CA,2023.0,sale,408,589673.126740196,501804.355
CA,2024.0,sale,408,610523.4986764706,491699.04000000004
CA,2025.0,sale,272,611250.8819852942,481126.405
CO,2000.0,sale,156,179056.62051282052,176256.59
CO,2001.0,sale,156,194646.68692307692,193061.91499999998
CO,2002.0,sale,156,204268.53185897437,207671.46000000002
CO,2003.0,sale,164,213891.41762195123,214760.16
CO,2004.0,sale,168,222912.27976190476,230910.465
CO,2005.0,sale,162,236611.79469135802,248820.875
CO,2006.0,sale,165,254588.6084242424,229674.02
CO,2007.0,sale,168,270176.6120238095,251507.275
CO,2008.0,sale,165,270780.2969090909,242234.16
CO,2009.0,sale,180,269845.061,237804.735
CO,2010.0,sale,180,262591.47805555555,234700.685
CO,2011.0,sale,180,250086.066,223836.975
CO,2012.0,sale,192,245170.38067708333,216807.35499999998
CO,2013.0,sale,192,260402.83265625,231383.085
CO,2014.0,sale,192,276644.0047916667,253098.72999999998
CO,2015.0,sale,192,298659.5847395833,283625.31000000006
CO,2016.0,sale,203,316814.9414285714,296613.79
CO,2017.0,sale,204,341530.4561764706,326667.18000000005
CO,2018.0,sale,204,366263.81612745096,355642.08499999996
CO,2019.0,sale,204,387259.54014705884,373850.69
CO,2020.0,sale,204,409667.07843137253,390657.095
CO,2021.0,sale,204,486181.44539215683,446894.065
CO,2022.0,sale,204,577278.1431372549,516743.69
CO,2023.0,sale,204,579046.469754902,502790.025
CO,2024.0,sale,204,597631.2321078432,504359.08
CO,2025.0,sale,136,602741.5711764706,504984.62
CT,2000.0,sale,60,178055.07766666668,155466.72
CT,2001.0,sale,60,194303.56866666666,167907.4
CT,2002.0,sale,60,215020.075,185900.94
CT,2003.0,sale,60,242178.94483333334,208418.89500000002
CT,2004.0,sale,60,271391.603,235257.865
CT,2005.0,sale,60,305289.18666666665,264583.69
CT,2006.0,sale,60,327154.57,288034.545
CT,2007.0,sale,60,324300.24583333335,287690.1
CT,2008.0,sale,60,308234.72366666666,270466.4
CT,2009.0,sale,60,284876.94433333335,253220.66999999998
CT,2010.0,sale,60,271956.05416666664,239422.265
CT,2011.0,sale,60,258340.335,229180.485
CT,2012.0,sale,60,246344.471,214462.57
CT,2013.0,sale,60,247981.386,214749.15
CT,2014.0,sale,60,253295.48516666668,218245.39
CT,2015.0,sale,60,255035.3735,219246.27500000002
CT,2016.0,sale,60,258129.86766666666,222220.90999999997
CT,2017.0,sale,60,264295.6516666667,228296.35499999998
CT,2018.0,sale,60,269735.17916666664,235846.515
CT,2019.0,sale,60,271886.216,237254.205
CT,2020.0,sale,60,283390.28733333334,247749.08500000002
CT,2021.0,sale,60,328786.1876666667,290371.36
CT,2022.0,sale,60,366089.27016666665,324279.6
CT,2023.0,sale,60,391988.7276666667,349207.78500000003
CT,2024.0,sale,60,428536.02283333335,380855.525
CT,2025.0,sale,40,443618.696,397259.705
DE,2000.0,sale,12,138597.08583333335,138116.975
DE,2001.0,sale,12,154677.12166666667,154924.04499999998
DE,2002.0,sale,12,174238.6775,174189.61
DE,2003.0,sale,12,201728.115,201317.15000000002
DE,2004.0,sale,12,235256.76166666666,234283.7
DE,2005.0,sale,12,277292.7866666667,276495.68
DE,2006.0,sale,12,314130.68833333335,316586.425
DE,2007.0,sale,12,311846.12666666665,313262.41000000003
DE,2008.0,sale,12,290945.33166666667,291609.98
DE,2009.0,sale,18,243859.41833333333,260049.45500000002
DE,2010.0,sale,24,221522.01166666666,218850.995
DE,2011.0,sale,24,207303.61833333335,206219.31
DE,2012.0,sale,24,200923.98125,200957.44
DE,2013.0,sale,24,205865.04208333333,206224.64
DE,2014.0,sale,24,214085.07333333333,213344.64
DE,2015.0,sale,24,222099.10625,222793.61
DE,2016.0,sale,24,228556.64333333334,229916.675
DE,2017.0,sale,24,235625.26833333334,233664.02000000002
DE,2018.0,sale,24,243259.2325,242781.745
DE,2019.0,sale,24,253911.95833333334,253484.965
DE,2020.0,sale,24,269009.12833333336,272074.55
DE,2021.0,sale,24,315062.61333333334,306487.515
DE,2022.0,sale,24,359767.92791666667,353777.31999999995
DE,2023.0,sale,24,374229.22458333336,375463.91000000003
DE,2024.0,sale,24,386869.44083333336,388999.81
DE,2025.0,sale,16,392173.260625,391870.385
FL,2000.0,sale,300,107653.4572,108912.66
FL,2001.0,sale,300,115271.02453333333,114437.60500000001
FL,2002.0,sale,300,124787.93746666667,123823.51000000001
FL,2003.0,sale,297,137492.1724915825,137493.17
FL,2004.0,sale,335,150072.48185074626,152913.24
FL,2005.0,sale,335,184972.4341791045,183910.58
FL,2006.0,sale,336,222654.25044642857,213453.985
FL,2007.0,sale,336,215357.69360119046,213509.85499999998
FL,2008.0,sale,336,183021.06666666668,181363.045
FL,2009.0,sale,336,152251.73952380952,148726.3
FL,2010.0,sale,336,139449.28794642858,134836.275
FL,2011.0,sale,336,128132.17142857143,121516.35
FL,2012.0,sale,336,125601.15410714285,119649.715
FL,2013.0,sale,336,135514.68199404763,134552.36
FL,2014.0,sale,336,148253.31529761906,147588.91499999998
FL,2015.0,sale,336,160218.7392261905,157159.36
FL,2016.0,sale,347,184920.9425648415,175119.13
FL,2017.0,sale,348,198935.76362068966,190777.1
FL,2018.0,sale,348,213256.57209770114,207440.285
FL,2019.0,sale,348,224547.58468390803,218638.425
FL,2020.0,sale,348,239045.03359195404,232116.215
FL,2021.0,sale,345,280759.6367536232,264877.13
FL,2022.0,sale,348,352573.0165804598,337737.365
FL,2023.0,sale,348,365875.3093390805,357558.29000000004
FL,2024.0,sale,348,370289.6376149425,352310.31
FL,2025.0,sale,232,359493.8255172414,337370.04500000004
GA,2000.0,sale,395,96829.38450632911,90755.28
GA,2001.0,sale,396,102791.55833333333,96649.38500000001
GA,2002.0,sale,395,106870.35091139241,99911.85
GA,2003.0,sale,395,110502.95643037975,102908.31
GA,2004.0,sale,381,115907.14524934383,107374.55
GA,2005.0,sale,377,119111.88599469497,109933.75
GA,2006.0,sale,392,125210.75767857143,115130.6
GA,2007.0,sale,396,131008.14285353535,119249.41
GA,2008.0,sale,401,129808.13538653367,119193.83
GA,2009.0,sale,442,122337.32264705883,114821.45999999999
GA,2010.0,sale,444,114388.13894144144,107075.06
GA,2011.0,sale,444,106511.79157657658,101140.54500000001
GA,2012.0,sale,444,104237.7445045045,99757.715
GA,2013.0,sale,444,108207.1863963964,103698.155
GA,2014.0,sale,444,112971.24047297298,108478.63500000001
GA,2015.0,sale,444,116608.13637387387,112446.0
GA,2016.0,sale,444,121144.66878378378,116984.43
GA,2017.0,sale,444,124606.26292792792,118118.005
GA,2018.0,sale,444,133413.98675675676,124858.83
GA,2019.0,sale,444,142890.8754954955,134386.135
GA,2020.0,sale,444,153663.8552027027,145389.875
GA,2021.0,sale,444,178421.44788288287,167538.51
GA,2022.0,sale,444,208973.1306981982,193546.97
GA,2023.0,sale,444,218590.4194144144,202202.99
GA,2024.0,sale,444,230346.1730855856,210673.97
GA,2025.0,sale,296,232372.18327702704,213983.13
HI,2000.0,sale,36,195344.06722222222,197094.14
HI,2001.0,sale,36,211977.27138888888,222145.4
HI,2002.0,sale,36,231573.39027777777,245134.42
HI,2003.0,sale,36,264471.2791666667,275671.66500000004
HI,2004.0,sale,36,325897.82416666666,328700.225
HI,2005.0,sale,36,415457.76694444445,413478.66000000003
HI,2006.0,sale,36,489057.0047222222,505350.79000000004
HI,2007.0,sale,36,501501.14,519714.63
HI,2008.0,sale,36,485521.5513888889,499177.88
HI,2009.0,sale,36,442223.3072222222,446647.58999999997
HI,2010.0,sale,36,427500.0027777778,434966.66500000004
HI,2011.0,sale,36,423333.0358333333,421475.29
HI,2012.0,sale,36,421985.6819444444,411970.99
HI,2013.0,sale,36,458511.5025,462732.0
HI,2014.0,sale,36,505806.32916666666,508356.565
HI,2015.0,sale,46,494260.7047826087,536181.38
HI,2016.0,sale,48,514372.14145833335,564061.25
HI,2017.0,sale,48,541350.9320833334,589342.755
HI,2018.0,sale,48,569239.2385416667,626798.29
HI,2019.0,sale,48,587157.933125,650405.2749999999
HI,2020.0,sale,48,613719.2114583333,668931.6399999999
HI,2021.0,sale,48,694599.865625,759145.065
HI,2022.0,sale,48,830648.7691666667,877992.9199999999
HI,2023.0,sale,48,851711.5635416667,900543.3500000001
HI,2024.0,sale,48,878715.3935416667,924918.175
HI,2025.0,sale,32,867994.72875,927914.895
IA,2000.0,sale,48,97010.8575,97879.265
IA,2001.0,sale,48,101357.75583333333,101595.995
IA,2002.0,sale,48,105288.228125,104926.75
IA,2003.0,sale,48,108988.79145833333,108616.64
IA,2004.0,sale,48,113211.34520833334,112551.14499999999
IA,2005.0,sale,44,119857.30795454545,134029.695
IA,2006.0,sale,48,119834.23625,116945.36499999999
IA,2007.0,sale,56,121222.85625,114678.12
IA,2008.0,sale,60,121758.36433333333,116704.45
IA,2009.0,sale,208,114836.84677884616,102478.025
IA,2010.0,sale,228,113712.82311403508,100580.655
IA,2011.0,sale,228,113210.7901754386,100992.5
IA,2012.0,sale,224,115134.79370535714,102956.35
IA,2013.0,sale,228,120562.46574561404,106230.605
IA,2014.0,sale,228,125609.9855263158,111160.4
IA,2015.0,sale,228,130342.77728070176,115673.625
IA,2016.0,sale,228,136234.92324561405,122145.655
IA,2017.0,sale,228,139452.03083333332,125850.535
IA,2018.0,sale,228,144946.0747368421,128922.685
IA,2019.0,sale,228,151317.53938596492,135211.65000000002
IA,2020.0,sale,228,158298.19201754386,142683.28
IA,2021.0,sale,228,172098.20548245613,155965.155
IA,2022.0,sale,228,190827.5501754386,172867.51
IA,2023.0,sale,228,197429.22666666665,179420.285
IA,2024.0,sale,228,204212.25135964912,184172.82
IA,2025.0,sale,152,209263.18815789474,189638.485
ID,2000.0,sale,12,112858.53666666667,112460.285
ID,2001.0,sale,24,134852.21,134631.225
ID,2002.0,sale,24,138950.82166666666,139168.715
ID,2003.0,sale,24,143025.06625,143331.155
ID,2004.0,sale,24,150070.00833333333,152375.93
ID,2005.0,sale,29,156213.0127586207,152480.91
ID,2006.0,sale,43,169770.63744186045,166544.17
ID,2007.0,sale,54,181274.13444444444,171570.94
ID,2008.0,sale,60,188344.52716666667,189969.46500000003
ID,2009.0,sale,128,200924.606328125,180927.69
ID,2010.0,sale,144,185969.71291666667,169681.14
ID,2011.0,sale,144,169270.03618055556,155446.91999999998
ID,2012.0,sale,144,170682.83145833333,155752.33000000002
ID,2013.0,sale,146,181076.88383561643,168623.33000000002
ID,2014.0,sale,156,188353.49865384615,172204.815
ID,2015.0,sale,156,196856.7680128205,177004.35499999998
ID,2016.0,sale,156,209703.15487179486,188538.8
ID,2017.0,sale,156,224433.3198076923,200896.75
ID,2018.0,sale,156,244963.48243589743,217315.84999999998
ID,2019.0,sale,156,267887.543974359,234938.54499999998
ID,2020.0,sale,155,300695.06129032257,265081.29
ID,2021.0,sale,156,390526.82102564105,343067.24
ID,2022.0,sale,156,461555.0853205128,411156.74
ID,2023.0,sale,156,446787.91012820514,390187.38
ID,2024.0,sale,156,456417.655,394469.48
ID,2025.0,sale,104,466041.87701923074,404258.31
IL,2000.0,sale,88,92909.8175,75931.725
IL,2001.0,sale,96,99117.15229166667,81411.15
IL,2002.0,sale,103,104548.6436893204,86917.15
IL,2003.0,sale,108,108523.14416666667,92064.405
IL,2004.0,sale,114,115083.0299122807,99890.39499999999
IL,2005.0,sale,130,120935.18315384616,108714.11
IL,2006.0,sale,160,125036.8093125,113346.58
IL,2007.0,sale,168,127338.19398809524,116812.55
IL,2008.0,sale,176,124711.41301136363,117885.65
IL,2009.0,sale,283,117083.97978798587,115092.13
IL,2010.0,sale,288,113108.96725694444,111977.61
IL,2011.0,sale,285,109639.48901754386,106822.76
IL,2012.0,sale,282,109597.86386524823,107537.525
IL,2013.0,sale,286,111601.02405594406,101497.23000000001
IL,2014.0,sale,300,113789.23676666667,102488.805
IL,2015.0,sale,300,115199.10323333333,104731.01500000001
IL,2016.0,sale,311,115836.1715755627,107391.35
IL,2017.0,sale,312,116264.06897435898,107924.69
IL,2018.0,sale,312,118998.26125,110514.95999999999
IL,2019.0,sale,312,122594.03266025642,112558.375
IL,2020.0,sale,312,127995.17942307693,117679.58
IL,2021.0,sale,312,137557.59291666668,121948.38
IL,2022.0,sale,312,148374.16708333333,132374.38
IL,2023.0,sale,312,153443.64451923076,135994.935
IL,2024.0,sale,312,160745.94733974358,143569.535
IL,2025.0,sale,208,166214.51552884615,152727.71
IN,2000.0,sale,58,101388.84327586206,100538.37
IN,2001.0,sale,76,112765.95381578947,104752.73999999999
IN,2002.0,sale,96,113789.83239583333,106379.225
IN,2003.0,sale,113,116057.9996460177,109661.42
IN,2004.0,sale,132,118995.15575757576,113638.695
IN,2005.0,sale,138,119655.70688405797,113759.45
IN,2006.0,sale,144,121474.70326388889,120429.03
IN,2007.0,sale,157,120961.71331210191,121135.82
IN,2008.0,sale,175,119618.30605714285,118228.02
IN,2009.0,sale,321,108665.62875389408,109669.39
IN,2010.0,sale,352,104847.44039772727,108495.28
IN,2011.0,sale,360,102303.95641666667,105027.54999999999
IN,2012.0,sale,432,101526.45409722222,102426.285
IN,2013.0,sale,432,103807.91331018519,104918.185
IN,2014.0,sale,432,106826.12252314815,107232.41
IN,2015.0,sale,432,110772.96958333334,113649.63500000001
IN,2016.0,sale,432,115476.36555555556,119045.695
IN,2017.0,sale,432,120899.20900462964,126790.83
IN,2018.0,sale,432,128669.02710648149,134035.445
IN,2019.0,sale,432,137161.31819444444,140903.18
IN,2020.0,sale,432,147488.72365740742,150890.235
IN,2021.0,sale,432,168751.20953703704,171824.985
IN,2022.0,sale,432,189766.7018287037,193514.135
IN,2023.0,sale,432,198264.41905092594,201342.81
IN,2024.0,sale,432,209519.89645833333,214420.095
IN,2025.0,sale,288,218364.343125,223548.565
KS,2000.0,sale,12,83570.16333333333,83323.3
KS,2001.0,sale,12,87649.50666666667,87753.27
KS,2002.0,sale,21,93495.6480952381,92235.4
KS,2003.0,sale,24,95689.16166666667,95474.195
KS,2004.0,sale,29,107547.8451724138,99836.88
KS,2005.0,sale,43,115424.08930232558,107782.14
KS,2006.0,sale,48,115672.31291666666,107860.72
KS,2007.0,sale,48,119677.859375,112009.42499999999
KS,2008.0,sale,49,121479.06775510203,114200.03
KS,2009.0,sale,81,118842.65629629629,116518.86
KS,2010.0,sale,108,111459.8225925926,111168.605
KS,2011.0,sale,120,107758.22566666667,102751.15
KS,2012.0,sale,142,107159.61288732395,99805.955
KS,2013.0,sale,144,107132.03930555556,100647.73999999999
KS,2014.0,sale,156,110375.88455128206,104339.185
KS,2015.0,sale,156,114423.00615384616,109551.505
KS,2016.0,sale,211,115268.90843601896,109732.37
KS,2017.0,sale,216,117018.99342592593,111231.08
KS,2018.0,sale,216,120866.90444444444,117419.445
KS,2019.0,sale,215,126086.05074418605,122452.38
KS,2020.0,sale,216,134183.22222222222,129996.37
KS,2021.0,sale,216,150621.37208333332,149513.08500000002
KS,2022.0,sale,216,167936.34740740742,166243.075
KS,2023.0,sale,216,174615.62166666667,174357.865
KS,2024.0,sale,216,183182.71759259258,190695.79499999998
KS,2025.0,sale,144,189557.81277777778,198923.20500000002
KY,2000.0,sale,192,81889.72776041667,84671.97
KY,2001.0,sale,192,85922.9003125,88575.965
KY,2002.0,sale,192,88493.62458333334,91493.07
KY,2003.0,sale,198,90613.08803030303,92689.85
KY,2004.0,sale,204,93240.90132352941,95968.705
KY,2005.0,sale,200,97568.29865,96988.88500000001
KY,2006.0,sale,204,100679.12200980392,100119.22
KY,2007.0,sale,204,103041.99661764706,102310.095
KY,2008.0,sale,204,103046.97362745098,102342.29000000001
KY,2009.0,sale,218,100907.59325688073,92245.23000000001
KY,2010.0,sale,235,99326.32617021276,91866.01
KY,2011.0,sale,226,97549.04725663716,86747.33
KY,2012.0,sale,240,98101.957125,89467.105
KY,2013.0,sale,240,99098.058625,90731.67
KY,2014.0,sale,240,101268.86054166667,93678.78
KY,2015.0,sale,240,104743.973375,97387.13
KY,2016.0,sale,240,109825.41554166666,104631.45
KY,2017.0,sale,240,114771.15866666667,107037.305
KY,2018.0,sale,240,122118.30045833334,112103.13
KY,2019.0,sale,240,128587.798625,119696.455
KY,2020.0,sale,240,139576.11975,134981.25
KY,2021.0,sale,240,158390.900875,154843.01
KY,2022.0,sale,240,177526.47708333333,172111.41
KY,2023.0,sale,240,185634.823375,179334.22499999998
KY,2024.0,sale,240,192354.52266666666,181534.85499999998
KY,2025.0,sale,160,202784.0425,195081.445
LA,2000.0,sale,48,100806.77708333333,92379.15
LA,2001.0,sale,48,106598.09625,95622.895
LA,2002.0,sale,57,115957.58192982456,109001.57
LA,2003.0,sale,64,122113.686875,115137.3
LA,2004.0,sale,72,128442.1725,127134.67499999999
LA,2005.0,sale,77,135780.83974025975,131580.93
LA,2006.0,sale,84,146592.4536904762,142997.33000000002
LA,2007.0,sale,97,151950.79896907217,148412.18
LA,2008.0,sale,108,153700.35472222223,149338.84499999997
LA,2009.0,sale,132,149001.6209090909,148990.43
LA,2010.0,sale,141,143229.52418439716,149656.11
LA,2011.0,sale,152,139850.32,140987.06
LA,2012.0,sale,166,140700.40819277108,142331.185
LA,2013.0,sale,168,146198.24541666667,148154.39
LA,2014.0,sale,173,150851.44352601157,151234.53
LA,2015.0,sale,187,158912.29994652406,156846.24
LA,2016.0,sale,203,164205.88507389164,162589.03
LA,2017.0,sale,204,163448.0975,164184.59
LA,2018.0,sale,204,163914.78102941177,164165.64
LA,2019.0,sale,204,169216.2301470588,170888.57
LA,2020.0,sale,204,176715.5869607843,177228.15000000002
LA,2021.0,sale,204,181741.73691176472,185399.11
LA,2022.0,sale,204,188642.12333333332,175826.315
LA,2023.0,sale,204,183279.18039215685,172203.805
LA,2024.0,sale,204,178583.8525,170859.36
LA,2025.0,sale,136,178567.8219117647,171849.57
MA,2000.0,sale,72,204205.64625,186969.33000000002
MA,2001.0,sale,72,232072.3475,214472.715
MA,2002.0,sale,72,262426.22805555555,249505.255
MA,2003.0,sale,72,297152.80833333335,290650.37
MA,2004.0,sale,72,332878.4448611111,324080.005
MA,2005.0,sale,72,367226.47458333336,350194.24
MA,2006.0,sale,72,377270.2925,349050.51
MA,2007.0,sale,72,366078.21222222224,335050.605
MA,2008.0,sale,72,349830.57194444444,313273.395
MA,2009.0,sale,72,330638.21222222224,293446.31
MA,2010.0,sale,72,328902.81666666665,291115.89
MA,2011.0,sale,72,320246.0183333333,278296.505
MA,2012.0,sale,72,313863.49166666664,270154.375
MA,2013.0,sale,72,324014.5256944444,278472.8
MA,2014.0,sale,72,337922.64708333334,294337.4
MA,2015.0,sale,72,348765.06333333335,303173.815
MA,2016.0,sale,72,367006.7447222222,318641.56
MA,2017.0,sale,72,387689.14208333334,334479.30000000005
MA,2018.0,sale,72,412207.0676388889,352797.87
MA,2019.0,sale,72,428631.8872222222,367408.025
MA,2020.0,sale,72,451224.75902777776,389130.815
MA,2021.0,sale,72,534986.7238888888,435178.03
MA,2022.0,sale,72,621804.2618055556,505423.94499999995
MA,2023.0,sale,72,647059.0730555556,538308.0700000001
MA,2024.0,sale,72,687665.9126388889,575960.65
MA,2025.0,sale,48,696548.389375,594529.395
MD,2000.0,sale,72,132410.1859722222,138093.82
MD,2001.0,sale,72,140505.08152777777,145174.055
MD,2002.0,sale,72,151120.35638888887,154678.33500000002
MD,2003.0,sale,68,171299.38352941177,179565.675
MD,2004.0,sale,72,192526.48888888888,192819.465
MD,2005.0,sale,68,232782.0811764706,247405.72
MD,2006.0,sale,69,254735.7268115942,221391.08
MD,2007.0,sale,71,265654.5452112676,220818.15
MD,2008.0,sale,72,253601.54458333334,249774.34999999998
MD,2009.0,sale,72,228748.70638888888,228544.655
MD,2010.0,sale,72,216571.44625,213460.13
MD,2011.0,sale,67,213372.24597014926,237786.72
MD,2012.0,sale,72,200231.58291666667,197939.345
MD,2013.0,sale,72,205763.99833333332,206440.22
MD,2014.0,sale,72,212196.66472222222,214896.805
MD,2015.0,sale,72,215384.07291666666,219130.215
MD,2016.0,sale,72,218352.73597222223,223766.52500000002
MD,2017.0,sale,72,223793.10861111112,231333.815
MD,2018.0,sale,72,232168.29402777777,240008.685
MD,2019.0,sale,72,240772.94291666668,248593.22
MD,2020.0,sale,72,252853.84944444444,264164.425
MD,2021.0,sale,72,287166.9584722222,292322.07
MD,2022.0,sale,72,313414.85527777777,319976.80000000005
MD,2023.0,sale,72,321696.1016666667,331656.245
MD,2024.0,sale,72,334725.6,346887.68
MD,2025.0,sale,48,342896.7216666667,355909.98
ME,2000.0,sale,48,101752.151875,88754.16
ME,2001.0,sale,48,111530.21375,96483.36499999999
ME,2002.0,sale,48,122949.025625,104549.935
ME,2003.0,sale,48,135214.3375,112828.36499999999
ME,2004.0,sale,48,152967.03979166667,128326.905
ME,2005.0,sale,48,171849.248125,144435.18
ME,2006.0,sale,48,179760.31270833334,151414.03499999997
ME,2007.0,sale,48,180732.02729166666,153965.62
ME,2008.0,sale,48,177957.48916666667,153153.89500000002
ME,2009.0,sale,48,168287.01833333334,146304.66
ME,2010.0,sale,48,163062.92833333334,139671.635
ME,2011.0,sale,48,160332.719375,137398.075
ME,2012.0,sale,48,159293.49958333332,138008.275
ME,2013.0,sale,48,161225.11208333334,138978.36
ME,2014.0,sale,48,164665.25458333333,139941.47
ME,2015.0,sale,48,168224.44,142411.93
ME,2016.0,sale,48,175138.88416666666,147709.01
ME,2017.0,sale,48,185979.965625,156273.72
ME,2018.0,sale,48,198121.86958333332,167088.5
ME,2019.0,sale,48,207848.70520833333,177296.72
ME,2020.0,sale,48,226212.18645833334,193993.01
ME,2021.0,sale,48,273206.2764583333,242922.15999999997
ME,2022.0,sale,48,313776.4641666667,276742.70999999996
ME,2023.0,sale,48,335748.965,296471.36
ME,2024.0,sale,48,357653.74916666665,317703.76
ME,2025.0,sale,32,364707.205625,324213.32999999996
MI,2000.0,sale,264,112348.60579545454,109089.42000000001
MI,2001.0,sale,264,119406.14431818182,116667.95999999999
MI,2002.0,sale,264,124675.17193181819,122826.5
MI,2003.0,sale,271,127974.54734317343,123430.85
MI,2004.0,sale,276,133282.13463768116,129629.32
MI,2005.0,sale,275,138351.1245090909,135337.05
MI,2006.0,sale,275,139869.34949090908,137207.41
MI,2007.0,sale,278,135880.05442446042,130885.34
MI,2008.0,sale,301,125804.3280398671,121415.6
MI,2009.0,sale,323,115134.3260990712,109490.93
MI,2010.0,sale,332,110289.67789156626,106363.34
MI,2011.0,sale,353,105680.13016997167,99500.51
MI,2012.0,sale,372,107037.22196236558,104049.9
MI,2013.0,sale,372,114366.12416666666,112601.16
MI,2014.0,sale,372,121313.97927419355,116900.12
MI,2015.0,sale,372,126708.59034946236,122747.73999999999
MI,2016.0,sale,372,133021.53669354838,127504.08499999999
MI,2017.0,sale,372,140016.01107526882,131522.51
MI,2018.0,sale,369,149679.8094308943,140520.19
MI,2019.0,sale,372,158823.9889516129,150230.06
MI,2020.0,sale,372,169789.91897849462,161432.275
MI,2021.0,sale,372,193559.69465053763,185503.43
MI,2022.0,sale,372,213593.9145967742,204001.54499999998
MI,2023.0,sale,372,220114.76389784945,209149.58500000002
MI,2024.0,sale,372,229667.21163978495,217907.04
MI,2025.0,sale,248,235661.41991935484,222472.015
MN,2000.0,sale,40,121285.62075,131705.8
MN,2001.0,sale,60,135563.37166666667,141150.06
MN,2002.0,sale,60,146683.93183333334,151093.505
MN,2003.0,sale,67,157475.4180597015,158066.59
MN,2004.0,sale,95,167310.44610526317,171079.81
MN,2005.0,sale,118,174768.43779661017,177974.685
MN,2006.0,sale,132,179500.8821969697,183658.53
MN,2007.0,sale,132,176899.00886363635,177790.945
MN,2008.0,sale,140,170703.5175,172784.7
MN,2009.0,sale,167,161214.86407185628,164255.55
MN,2010.0,sale,167,153557.71934131737,157741.89
MN,2011.0,sale,190,144037.81221052632,146441.05
MN,2012.0,sale,228,141640.88004385965,147863.31
MN,2013.0,sale,239,149041.68020920502,153467.64
MN,2014.0,sale,252,154607.67857142858,158502.865
MN,2015.0,sale,252,160636.37523809524,162295.535
MN,2016.0,sale,252,169603.6348809524,166294.74
MN,2017.0,sale,252,177944.8644047619,174949.695
MN,2018.0,sale,252,186708.97817460317,185090.09000000003
MN,2019.0,sale,252,196173.18702380953,195513.265
MN,2020.0,sale,252,207128.9484126984,208101.61
MN,2021.0,sale,252,232575.74126984127,231149.625
MN,2022.0,sale,252,258173.18115079365,258320.46500000003
MN,2023.0,sale,252,265684.68960317463,265978.29000000004
MN,2024.0,sale,252,274759.5936111111,279771.37
MN,2025.0,sale,168,284007.77595238097,289984.71499999997
MO,2000.0,sale,43,96300.22395348837,113764.05
MO,2001.0,sale,48,101179.419375,107977.405
MO,2002.0,sale,48,106332.73125,113181.23000000001
MO,2003.0,sale,50,111235.028,108035.25
MO,2004.0,sale,69,113126.25869565217,108530.03
MO,2005.0,sale,75,121138.2536,117468.54
MO,2006.0,sale,84,128021.07964285715,124799.03
MO,2007.0,sale,89,130358.01730337078,129201.21
MO,2008.0,sale,115,125731.08547826087,128352.14
MO,2009.0,sale,194,120284.76469072165,124590.355
MO,2010.0,sale,216,118393.84046296297,120408.25
MO,2011.0,sale,225,113518.64453333334,113661.48
MO,2012.0,sale,271,112161.04649446494,111160.91
MO,2013.0,sale,276,115624.74126811595,116966.22
MO,2014.0,sale,276,118739.24445652174,118815.58
MO,2015.0,sale,276,122329.30920289856,121085.715
MO,2016.0,sale,298,126202.08976510067,122921.325
MO,2017.0,sale,300,130652.839,127497.655
MO,2018.0,sale,300,136108.82936666667,131533.635
MO,2019.0,sale,300,142772.79956666665,140125.555
MO,2020.0,sale,299,151906.1816722408,147814.33
MO,2021.0,sale,300,172157.50483333334,165886.555
MO,2022.0,sale,300,193213.36103333332,189412.835
MO,2023.0,sale,300,200156.07736666666,199925.43
MO,2024.0,sale,300,206945.64306666667,210163.445
MO,2025.0,sale,200,213351.17725,219606.78000000003
MS,2003.0,sale,9,107737.17,107631.2
MS,2004.0,sale,12,110190.28416666666,109787.63500000001
MS,2005.0,sale,12,116194.615,115944.98999999999
MS,2006.0,sale,12,125046.87416666666,125329.67499999999
MS,2007.0,sale,12,129678.92666666667,129937.69
MS,2008.0,sale,12,123283.75,123384.855
MS,2009.0,sale,38,140539.35894736843,119859.825
MS,2010.0,sale,54,142039.5922222222,123644.245
MS,2011.0,sale,60,137808.52533333332,121428.92
MS,2012.0,sale,165,117872.02048484849,112851.87
MS,2013.0,sale,171,116759.93520467836,110400.43
MS,2014.0,sale,180,118198.593,109916.615
MS,2015.0,sale,180,126212.14877777778,122359.315
MS,2016.0,sale,224,124797.47464285714,129256.0
MS,2017.0,sale,228,125727.48469298246,129371.66
MS,2018.0,sale,228,128650.65837719299,132230.26
MS,2019.0,sale,236,132578.99313559322,133533.81
MS,2020.0,sale,240,137069.396125,136786.605
MS,2021.0,sale,240,149919.85245833333,150110.505
MS,2022.0,sale,240,160402.72020833334,159853.52
MS,2023.0,sale,240,156215.284875,153543.26
MS,2024.0,sale,240,158820.30941666666,153505.77
MS,2025.0,sale,160,162508.17675,158653.16999999998
MT,2005.0,sale,11,206933.78363636363,206930.03
MT,2006.0,sale,12,216877.06583333333,216260.69
MT,2007.0,sale,19,205785.72894736842,229959.93
MT,2008.0,sale,24,200578.34041666667,200086.635
MT,2009.0,sale,67,216702.6804477612,202380.02
MT,2010.0,sale,71,213488.66183098592,222970.36
MT,2011.0,sale,72,204177.71972222222,202059.02
MT,2012.0,sale,84,192050.84761904762,198317.905
MT,2013.0,sale,84,201598.94678571427,209626.64
MT,2014.0,sale,84,211984.47047619047,220252.90999999997
MT,2015.0,sale,84,224180.62547619047,237484.215
MT,2016.0,sale,84,237695.24083333334,240431.83000000002
MT,2017.0,sale,84,250946.50345238094,245048.88
MT,2018.0,sale,84,267012.6619047619,255049.52000000002
MT,2019.0,sale,84,281632.20035714284,269941.72
MT,2020.0,sale,84,304140.06047619047,287933.765
MT,2021.0,sale,84,377226.5625,361664.99
MT,2022.0,sale,84,453318.30916666664,429034.885
MT,2023.0,sale,84,456060.63488095236,431621.26
MT,2024.0,sale,84,477053.40357142856,450550.03
MT,2025.0,sale,56,483693.17517857143,462892.485
NC,2000.0,sale,261,110494.23245210727,99831.99
NC,2001.0,sale,264,117101.90962121212,104975.72
NC,2002.0,sale,264,120918.09321969697,107604.31
NC,2003.0,sale,272,126451.33709558824,111380.83499999999
NC,2004.0,sale,285,130388.55645614034,115420.49
NC,2005.0,sale,282,140733.89304964538,124362.03
NC,2006.0,sale,304,150505.76361842104,129889.59
NC,2007.0,sale,308,157327.11503246753,135084.75
NC,2008.0,sale,345,159959.15104347825,142178.81
NC,2009.0,sale,394,155097.20431472082,136449.315
NC,2010.0,sale,392,149711.44183673468,132767.76
NC,2011.0,sale,395,142968.2914936709,129483.77
NC,2012.0,sale,394,141066.46675126904,126592.89499999999
NC,2013.0,sale,396,142258.10803030303,125673.15
NC,2014.0,sale,396,145008.16535353535,125883.22
NC,2015.0,sale,396,148129.75065656565,128844.01000000001
NC,2016.0,sale,441,150908.48578231293,134806.05
NC,2017.0,sale,444,157319.08673423424,139822.61
NC,2018.0,sale,444,166393.96306306307,148267.265
NC,2019.0,sale,444,175401.0950900901,157468.13
NC,2020.0,sale,441,186966.5323356009,169950.58
NC,2021.0,sale,444,221705.11414414414,196724.70500000002
NC,2022.0,sale,444,261130.0157882883,225800.0
NC,2023.0,sale,444,275399.73218468466,241694.495
NC,2024.0,sale,444,287222.98423423426,254895.82
NC,2025.0,sale,296,289547.5139189189,260024.615
ND,2009.0,sale,55,168497.40636363637,177751.31
ND,2010.0,sale,72,166385.62944444444,180429.34499999997
ND,2011.0,sale,72,172739.37319444443,184769.27500000002
ND,2012.0,sale,72,188564.4323611111,195349.43
ND,2013.0,sale,72,216667.48291666666,229538.57
ND,2014.0,sale,72,230397.9051388889,250050.93
ND,2015.0,sale,72,247751.8061111111,261029.58000000002
ND,2016.0,sale,84,238187.8644047619,245125.06
ND,2017.0,sale,84,231669.78,241514.585
ND,2018.0,sale,84,225084.3036904762,243762.22999999998
ND,2019.0,sale,84,228377.855,245577.20500000002
ND,2020.0,sale,84,236916.04773809525,255127.37
ND,2021.0,sale,84,248179.02916666667,259788.12
ND,2022.0,sale,84,264065.0201190476,270846.425
ND,2023.0,sale,84,268241.35583333333,275018.445
ND,2024.0,sale,84,273396.1030952381,284276.28500000003
ND,2025.0,sale,56,285330.7317857143,305902.985
NE,2000.0,sale,36,107658.64305555556,121837.595
NE,2001.0,sale,36,111707.24888888889,125233.595
NE,2002.0,sale,36,115497.69472222222,129426.32999999999
NE,2003.0,sale,48,113031.4375,112102.29500000001
NE,2004.0,sale,68,112250.09117647058,99101.04000000001
NE,2005.0,sale,72,117333.13513888889,108668.36
NE,2006.0,sale,83,118566.81421686747,111669.65
NE,2007.0,sale,108,120153.28212962963,113553.35
NE,2008.0,sale,118,118072.48652542372,114551.01000000001
NE,2009.0,sale,142,115981.79929577465,112548.13
NE,2010.0,sale,141,116167.45808510638,111362.09
NE,2011.0,sale,144,115018.87319444444,113191.89000000001
NE,2012.0,sale,144,118266.21034722222,117650.83
NE,2013.0,sale,144,122888.83486111111,121866.91
NE,2014.0,sale,144,128010.55277777778,126139.68
NE,2015.0,sale,144,134171.42284722222,132492.16999999998
NE,2016.0,sale,144,141422.39979166666,140968.11
NE,2017.0,sale,144,148223.63340277778,147052.60499999998
NE,2018.0,sale,144,157090.85486111112,153744.46
NE,2019.0,sale,144,164972.62666666668,159458.345
NE,2020.0,sale,144,173738.07305555555,171950.55
NE,2021.0,sale,144,193246.6134027778,189400.95
NE,2022.0,sale,144,215302.15319444446,213297.52000000002
NE,2023.0,sale,144,224087.80625,222361.67
NE,2024.0,sale,144,233362.4203472222,231471.74
NE,2025.0,sale,96,242190.76114583333,241427.08000000002
NH,2000.0,sale,60,115261.479,115666.95999999999
NH,2001.0,sale,60,129940.8505,129983.51999999999
NH,2002.0,sale,60,146681.1575,145564.41
NH,2003.0,sale,60,166607.62433333334,168701.86
NH,2004.0,sale,60,186663.5435,196985.34000000003
NH,2005.0,sale,60,206885.0685,218660.775
NH,2006.0,sale,60,217806.07966666666,232563.915
NH,2007.0,sale,60,215820.16816666667,230157.105
NH,2008.0,sale,60,205801.44716666668,220611.78
NH,2009.0,sale,60,191889.61283333335,208362.43
NH,2010.0,sale,60,185900.316,204241.315
NH,2011.0,sale,60,180390.1245,198637.47999999998
NH,2012.0,sale,60,178981.94433333335,199868.16499999998
NH,2013.0,sale,60,181793.59983333334,201562.175
NH,2014.0,sale,60,185814.08666666667,206680.66
NH,2015.0,sale,60,191651.17933333333,212535.65000000002
NH,2016.0,sale,60,198568.54833333334,219514.305
NH,2017.0,sale,60,210234.12683333334,232657.675
NH,2018.0,sale,60,224760.141,250024.36
NH,2019.0,sale,60,235358.9025,263618.06
NH,2020.0,sale,60,254641.99916666668,280933.86
NH,2021.0,sale,60,306478.4533333333,336135.32999999996
NH,2022.0,sale,60,356252.7046666667,394936.005
NH,2023.0,sale,60,379908.0865,424086.865
NH,2024.0,sale,60,407616.5428333333,461507.1
NH,2025.0,sale,40,422524.00225,478443.245
NJ,2000.0,sale,48,135951.39791666667,134503.56
NJ,2001.0,sale,48,149007.17979166665,145620.59
NJ,2002.0,sale,48,166030.18791666668,164213.775
NJ,2003.0,sale,48,191782.07645833332,190240.84
NJ,2004.0,sale,48,226211.2575,222462.09
NJ,2005.0,sale,48,268809.89145833335,261296.65
NJ,2006.0,sale,48,304794.3335416667,291454.145
NJ,2007.0,sale,48,303842.395625,290584.72
NJ,2008.0,sale,48,289804.7447916667,270933.495
NJ,2009.0,sale,48,266209.7625,248018.745
NJ,2010.0,sale,48,253456.475,233654.365
NJ,2011.0,sale,48,238887.018125,217927.99
NJ,2012.0,sale,48,233206.07541666666,206669.66499999998
NJ,2013.0,sale,48,235830.859375,208204.53
NJ,2014.0,sale,48,241304.620625,214927.635
NJ,2015.0,sale,48,241318.1875,217233.35499999998
NJ,2016.0,sale,48,243872.87395833334,218469.61
NJ,2017.0,sale,48,247107.16979166667,218304.16499999998
NJ,2018.0,sale,48,255023.13708333333,228031.995
NJ,2019.0,sale,48,266910.7139583333,239218.46500000003
NJ,2020.0,sale,48,285763.10333333333,257300.03999999998
NJ,2021.0,sale,48,338313.7275,292527.36
NJ,2022.0,sale,48,390699.18916666665,326086.56999999995
NJ,2023.0,sale,48,414080.0752083333,355513.69
NJ,2024.0,sale,48,443009.7289583333,388853.955
NJ,2025.0,sale,32,458416.531875,407624.5
NM,2002.0,sale,24,173549.985,153567.25
NM,2003.0,sale,36,179496.81416666668,157926.135
NM,2004.0,sale,36,194960.29805555556,169145.39500000002
NM,2005.0,sale,36,214192.7913888889,187966.135
NM,2006.0,sale,36,238866.25333333333,209237.125
NM,2007.0,sale,36,257315.67111111112,228840.445
NM,2008.0,sale,36,258560.14444444445,230210.27000000002
NM,2009.0,sale,65,219047.8713846154,196869.31
NM,2010.0,sale,84,197300.7548809524,179964.745
NM,2011.0,sale,84,186557.0594047619,168790.485
NM,2012.0,sale,150,184238.8548,165565.995
NM,2013.0,sale,166,182805.47385542167,166551.3
NM,2014.0,sale,168,186398.6738095238,166356.68
NM,2015.0,sale,168,188115.23589285713,168509.425
NM,2016.0,sale,212,179447.25886792454,164448.595
NM,2017.0,sale,216,181790.78879629628,167950.59000000003
NM,2018.0,sale,216,189274.92856481482,173454.845
NM,2019.0,sale,216,200585.7288888889,180191.845
NM,2020.0,sale,216,215827.2901388889,192120.095
NM,2021.0,sale,216,240987.53930555555,207093.41
NM,2022.0,sale,216,260680.88703703703,219734.615
NM,2023.0,sale,216,263469.50550925924,222865.52500000002
NM,2024.0,sale,216,268934.8222222222,224568.975
NM,2025.0,sale,144,272407.28506944445,232420.01
NV,2000.0,sale,48,177864.27895833334,169889.05
NV,2001.0,sale,48,188984.43479166666,178324.86
NV,2002.0,sale,48,203094.80854166666,188965.2
NV,2003.0,sale,48,224365.551875,208346.54499999998
NV,2004.0,sale,47,276728.1817021277,259229.39
NV,2005.0,sale,48,352374.47708333336,326455.54000000004
NV,2006.0,sale,48,379812.42770833336,353389.265
NV,2007.0,sale,57,331127.13771929825,328283.07
NV,2008.0,sale,60,272080.4103333333,260857.31
NV,2009.0,sale,95,199856.25063157894,184628.76
NV,2010.0,sale,96,173662.5046875,153155.37
NV,2011.0,sale,96,155544.76052083334,140518.88
NV,2012.0,sale,96,153727.46416666667,139603.275
NV,2013.0,sale,96,176251.91822916668,163186.315
NV,2014.0,sale,96,200709.81197916667,188932.61
NV,2015.0,sale,105,215121.39152380952,199955.38
NV,2016.0,sale,108,233963.93787037037,216460.36
NV,2017.0,sale,108,253092.11037037036,240596.285
NV,2018.0,sale,108,280383.3176851852,260071.02500000002
NV,2019.0,sale,108,302895.42712962965,284718.505
NV,2020.0,sale,108,322009.66694444447,300563.23
NV,2021.0,sale,108,381507.7633333333,343141.76
NV,2022.0,sale,108,437016.5739814815,410212.53500000003
NV,2023.0,sale,108,420146.46805555554,390430.37
NV,2024.0,sale,108,434084.57944444445,402508.04000000004
NV,2025.0,sale,72,445105.4536111111,408072.905
NY,2000.0,sale,312,83728.86044871795,74549.94
NY,2001.0,sale,312,89602.03583333333,79014.17499999999
NY,2002.0,sale,309,97019.56194174757,88977.75
NY,2003.0,sale,302,105796.11821192053,88758.67
NY,2004.0,sale,310,115792.26867741936,96667.57
NY,2005.0,sale,312,128190.03060897435,106682.54999999999
NY,2006.0,sale,312,139607.92169871795,115147.705
NY,2007.0,sale,312,145066.58163461537,121769.625
NY,2008.0,sale,312,146208.87166666667,124320.69
NY,2009.0,sale,312,140382.43823717948,119291.285
NY,2010.0,sale,312,138606.91153846154,116297.065
NY,2011.0,sale,312,136185.0251923077,113694.62
NY,2012.0,sale,312,135879.50458333333,114196.66500000001
NY,2013.0,sale,312,137982.03006410255,116086.275
NY,2014.0,sale,312,140416.56368589745,118342.03
NY,2015.0,sale,312,142661.96612179486,120352.78
NY,2016.0,sale,312,146811.25185897437,124821.495
NY,2017.0,sale,312,152112.66448717949,128865.44
NY,2018.0,sale,312,158666.49419871796,133669.78
NY,2019.0,sale,312,164426.7573076923,139493.81
NY,2020.0,sale,312,174100.31426282052,147751.93
NY,2021.0,sale,312,199715.06076923077,169766.36
NY,2022.0,sale,312,222527.22971153847,188280.33500000002
NY,2023.0,sale,312,232429.0455448718,195010.8
NY,2024.0,sale,312,247453.32442307693,207618.07
NY,2025.0,sale,208,254879.59971153847,214651.915
NaN,2000.0,sale,12,126401.565,126081.405
NaN,2001.0,sale,12,135603.11666666667,135486.265
NaN,2002.0,sale,12,145029.97333333333,144748.445
NaN,2003.0,sale,12,156118.76666666666,155848.35
NaN,2004.0,sale,12,170778.6975,170439.45
NaN,2005.0,sale,12,190722.82166666666,190627.91999999998
NaN,2006.0,sale,12,207609.6725,208600.22499999998
NaN,2007.0,sale,12,209537.16,210306.32
NaN,2008.0,sale,12,196595.5925,197074.39
NaN,2009.0,sale,12,178469.14833333335,177869.125
NaN,2010.0,sale,12,172357.71083333335,173504.395
NaN,2011.0,sale,12,163357.0425,162958.285
NaN,2012.0,sale,12,161978.03583333333,161735.71
NaN,2013.0,sale,12,172315.08583333335,172377.7
NaN,2014.0,sale,12,183951.48333333334,184360.02500000002
NaN,2015.0,sale,12,193744.35666666666,193520.79
NaN,2016.0,sale,12,205577.1,205632.64500000002
NaN,2017.0,sale,12,217898.57583333334,218044.69
NaN,2018.0,sale,12,231744.53333333333,231978.77000000002
NaN,2019.0,sale,12,243352.08,243438.60499999998
NaN,2020.0,sale,12,258493.85916666666,256184.85499999998
NaN,2021.0,sale,12,297504.7525,300036.0
NaN,2022.0,sale,12,341790.05,347155.7
NaN,2023.0,sale,12,349978.68166666664,350029.42500000005
NaN,2024.0,sale,12,361630.25,362596.635
NaN,2025.0,sale,8,364973.71,365132.07999999996
OH,2000.0,sale,384,90613.150859375,86356.07
OH,2001.0,sale,393,95144.10908396947,91817.22
OH,2002.0,sale,396,98361.3852020202,95323.955
OH,2003.0,sale,400,101628.488025,98244.32999999999
OH,2004.0,sale,402,105499.70116915423,101661.68
OH,2005.0,sale,390,108777.15433333334,105185.34
OH,2006.0,sale,408,110312.70539215686,106818.045
OH,2007.0,sale,406,109883.28229064039,107572.845
OH,2008.0,sale,412,107262.59672330097,104858.755
OH,2009.0,sale,493,103274.58290060853,101232.13
OH,2010.0,sale,514,100031.04474708172,98188.805
OH,2011.0,sale,525,96646.78310476191,93862.98
OH,2012.0,sale,523,96616.93824091778,93513.37
OH,2013.0,sale,528,99812.07428030303,97906.445
OH,2014.0,sale,528,103109.04954545455,101962.97
OH,2015.0,sale,528,107448.12153409091,105920.025
OH,2016.0,sale,528,112010.14348484848,111536.16
OH,2017.0,sale,528,115868.50818181818,113857.56
OH,2018.0,sale,527,121952.29218216319,119140.11
OH,2019.0,sale,528,129091.29020833333,128185.95999999999
OH,2020.0,sale,528,138519.4959659091,134739.755
OH,2021.0,sale,528,157949.18606060607,151486.08500000002
OH,2022.0,sale,528,173287.8109659091,165679.46
OH,2023.0,sale,528,179498.26681818182,170600.99
OH,2024.0,sale,528,190585.96823863636,183943.95
OH,2025.0,sale,352,198419.10849431818,191236.59
OK,2000.0,sale,240,74011.65283333333,71397.995
OK,2001.0,sale,240,77469.601375,74763.055
OK,2002.0,sale,240,80146.761625,77360.95999999999
OK,2003.0,sale,235,82733.06740425531,79866.35
OK,2004.0,sale,237,85413.71388185654,82423.28
OK,2005.0,sale,237,89686.94101265822,86209.25
OK,2006.0,sale,240,93513.79479166666,90529.175
OK,2007.0,sale,236,98108.94707627119,94718.035
OK,2008.0,sale,218,99992.07733944955,98223.12
OK,2009.0,sale,231,98876.44891774892,94798.92
OK,2010.0,sale,240,97570.34833333333,93824.41500000001
OK,2011.0,sale,240,95538.67404166667,90597.01
OK,2012.0,sale,240,96404.49983333334,91538.1
OK,2013.0,sale,240,99124.658125,98548.295
OK,2014.0,sale,240,101787.46016666667,101825.58499999999
OK,2015.0,sale,240,105343.13879166667,105752.86499999999
OK,2016.0,sale,251,107572.80115537849,107480.0
OK,2017.0,sale,252,107536.89896825397,106960.735
OK,2018.0,sale,252,111096.70428571428,108606.5
OK,2019.0,sale,252,114745.0282936508,113777.025
OK,2020.0,sale,252,121669.00551587301,119500.08499999999
OK,2021.0,sale,252,137073.5644047619,131046.65
OK,2022.0,sale,252,154505.39595238096,142797.95
OK,2023.0,sale,252,160306.6176190476,152976.13
OK,2024.0,sale,252,165719.7761111111,156792.8
OK,2025.0,sale,168,169272.75208333333,160827.71500000003
OR,2000.0,sale,168,135827.4163095238,144420.39500000002
OR,2001.0,sale,168,143111.22136904762,151671.895
OR,2002.0,sale,165,149667.17454545453,156830.47
OR,2003.0,sale,171,157999.79567251462,164393.33
OR,2004.0,sale,177,174954.0727118644,176532.44
OR,2005.0,sale,180,205602.891,210942.60499999998
OR,2006.0,sale,180,243501.58044444444,242466.495
OR,2007.0,sale,180,259211.18672222222,259313.195
OR,2008.0,sale,203,242441.93556650245,242480.58
OR,2009.0,sale,235,211281.41965957446,210280.85
OR,2010.0,sale,240,196575.67245833334,194288.15
OR,2011.0,sale,240,183196.48579166667,177650.525
OR,2012.0,sale,240,179984.19195833334,170758.78
OR,2013.0,sale,240,190183.84816666666,177571.27500000002
OR,2014.0,sale,240,203605.53620833333,194093.36
OR,2015.0,sale,240,217350.52058333333,209364.64500000002
OR,2016.0,sale,240,237785.14975,233548.445
OR,2017.0,sale,240,259216.765375,257069.86
OR,2018.0,sale,240,281345.819375,283444.985
OR,2019.0,sale,240,297859.567,300166.245
OR,2020.0,sale,240,320252.314375,322674.30000000005
OR,2021.0,sale,240,384427.83325,379108.93
OR,2022.0,sale,240,438442.33725,435383.515
OR,2023.0,sale,240,436457.63825,432508.015
OR,2024.0,sale,240,443509.54525,437608.95499999996
OR,2025.0,sale,160,446324.7074375,440038.41500000004
PA,2000.0,sale,180,96134.37422222222,101036.51
PA,2001.0,sale,188,102338.53994680851,108548.515
PA,2002.0,sale,197,109361.5459390863,114479.09
PA,2003.0,sale,204,117894.37647058823,122687.985
PA,2004.0,sale,205,128293.31229268292,133758.69
PA,2005.0,sale,234,141376.35132478632,150532.065
PA,2006.0,sale,264,152802.74931818183,165226.995
PA,2007.0,sale,264,158624.23992424243,172762.51
PA,2008.0,sale,264,157770.3827651515,175548.16
PA,2009.0,sale,354,140800.60488700564,130138.07999999999
PA,2010.0,sale,364,138968.96914835164,128947.215
PA,2011.0,sale,372,136633.35295698926,125171.075
PA,2012.0,sale,384,137449.115078125,127127.16
PA,2013.0,sale,396,138526.23484848483,130548.73499999999
PA,2014.0,sale,395,140263.74083544305,134231.4
PA,2015.0,sale,396,140742.47260101011,140051.39500000002
PA,2016.0,sale,407,142511.94083538084,138743.94
PA,2017.0,sale,408,146315.28455882354,138782.44
PA,2018.0,sale,408,151688.06080882353,140965.43
PA,2019.0,sale,408,157171.8837254902,144793.97
PA,2020.0,sale,408,167366.94867647058,154505.765
PA,2021.0,sale,407,187918.40673218673,171991.0
PA,2022.0,sale,408,204443.18007352942,185285.09
PA,2023.0,sale,408,211920.97203431372,192659.485
PA,2024.0,sale,408,219524.2936519608,204566.9
PA,2025.0,sale,272,226381.22216911765,216100.15
RI,2000.0,sale,12,146955.66583333333,146535.245
RI,2001.0,sale,12,163370.99666666667,162605.47999999998
RI,2002.0,sale,12,190513.4175,188932.315
RI,2003.0,sale,12,228412.08333333334,228076.08
RI,2004.0,sale,12,267742.12666666665,267927.575
RI,2005.0,sale,12,300792.24083333334,301705.725
RI,2006.0,sale,12,312405.9175,312614.255
RI,2007.0,sale,12,298708.905,298826.33499999996
RI,2008.0,sale,12,277496.255,278753.33499999996
RI,2009.0,sale,12,247448.23666666666,245548.995
RI,2010.0,sale,12,243666.96,244368.35499999998
RI,2011.0,sale,12,231834.84333333332,231714.86
RI,2012.0,sale,12,222559.81416666668,222585.22499999998
RI,2013.0,sale,12,230159.23833333334,230749.29499999998
RI,2014.0,sale,12,240669.85333333333,241840.46000000002
RI,2015.0,sale,12,248998.22083333333,248344.66499999998
RI,2016.0,sale,12,264490.935,264433.78
RI,2017.0,sale,12,283336.8516666667,284189.06999999995
RI,2018.0,sale,12,300992.73583333334,301649.78500000003
RI,2019.0,sale,12,312167.6225,312562.225
RI,2020.0,sale,12,332432.7808333333,329111.63
RI,2021.0,sale,12,385178.2916666667,392567.79000000004
RI,2022.0,sale,12,429292.8625,435526.56
RI,2023.0,sale,12,449781.07,449880.56
RI,2024.0,sale,12,484880.13333333336,485836.55000000005
RI,2025.0,sale,8,503176.25875,503143.815
SC,2000.0,sale,60,123444.726,121079.15
SC,2001.0,sale,62,132892.94096774195,124730.54000000001
SC,2002.0,sale,72,138299.2086111111,135354.22999999998
SC,2003.0,sale,82,139825.36402439023,129731.76999999999
SC,2004.0,sale,93,141452.92107526882,131271.44
SC,2005.0,sale,100,151819.9893,134149.02000000002
SC,2006.0,sale,108,165309.13305555555,139086.96000000002
SC,2007.0,sale,108,172332.60592592592,144572.33500000002
SC,2008.0,sale,113,165673.0643362832,145870.23
SC,2009.0,sale,137,147675.70416058393,137553.35
SC,2010.0,sale,148,140438.62972972973,131217.05
SC,2011.0,sale,156,133703.89044871795,127376.48999999999
SC,2012.0,sale,164,135123.58524390243,126655.07
SC,2013.0,sale,168,139507.2886309524,128398.795
SC,2014.0,sale,180,140090.59188888888,127493.60500000001
SC,2015.0,sale,180,145385.93905555556,130832.465
SC,2016.0,sale,180,152733.27577777777,136565.31
SC,2017.0,sale,180,157775.28416666668,143236.66
SC,2018.0,sale,180,165845.67005555556,151147.58000000002
SC,2019.0,sale,180,174164.0228888889,159546.79499999998
SC,2020.0,sale,179,185877.31754189945,172930.84
SC,2021.0,sale,180,213392.3175,199139.845
SC,2022.0,sale,180,248597.0677777778,225970.73
SC,2023.0,sale,180,257110.3365,237220.185
SC,2024.0,sale,180,264883.746,246454.43
SC,2025.0,sale,120,265039.5949166667,249761.37
SD,2006.0,sale,4,151611.84,151515.83000000002
SD,2007.0,sale,12,154722.56333333332,154819.65
SD,2008.0,sale,19,162183.21578947367,159224.46
SD,2009.0,sale,54,153459.8672222222,158730.075
SD,2010.0,sale,60,152425.69316666666,156855.365
SD,2011.0,sale,60,152748.38766666668,155221.875
SD,2012.0,sale,79,164199.84848101265,162724.75
SD,2013.0,sale,84,173711.58666666667,169685.03
SD,2014.0,sale,94,176250.42531914893,174195.10499999998
SD,2015.0,sale,100,182553.9772,182362.15
SD,2016.0,sale,130,183361.72515384614,187991.03999999998
SD,2017.0,sale,132,190231.5371212121,193997.31
SD,2018.0,sale,132,197402.40984848485,201073.805
SD,2019.0,sale,132,204838.00787878787,207022.03999999998
SD,2020.0,sale,132,215873.3059848485,214792.75
SD,2021.0,sale,132,244098.5622727273,239961.81
SD,2022.0,sale,132,279036.6968939394,268318.4
SD,2023.0,sale,132,286312.59015151515,275692.42500000005
SD,2024.0,sale,132,292621.85795454547,277322.04000000004
SD,2025.0,sale,88,300152.63545454544,288348.8
TN,2000.0,sale,300,96990.58296666667,96297.68
TN,2001.0,sale,300,100974.2027,99931.98499999999
TN,2002.0,sale,300,103353.43823333333,101294.56
TN,2003.0,sale,285,106614.93487719298,102697.7
TN,2004.0,sale,298,109360.43436241611,105221.87
TN,2005.0,sale,296,115043.2931081081,111165.815
TN,2006.0,sale,300,122817.32343333334,118630.03
TN,2007.0,sale,300,128873.2637,125620.455
TN,2008.0,sale,297,128866.23185185186,125207.36
TN,2009.0,sale,297,124173.35572390573,119825.45
TN,2010.0,sale,300,121439.10063333334,117184.595
TN,2011.0,sale,304,117851.93273026316,112387.23
TN,2012.0,sale,312,116974.61099358974,112065.1
TN,2013.0,sale,312,118851.80387820513,113483.91
TN,2014.0,sale,312,122902.32887820512,118426.74
TN,2015.0,sale,312,128466.32858974359,124496.01999999999
TN,2016.0,sale,312,136578.98612179488,133758.74
TN,2017.0,sale,312,145220.83522435898,144275.65
TN,2018.0,sale,312,154710.90663461538,152640.27500000002
TN,2019.0,sale,312,167381.67381410257,163416.555
TN,2020.0,sale,312,182081.73685897436,176316.19
TN,2021.0,sale,312,211407.30849358975,204038.41999999998
TN,2022.0,sale,312,250295.04772435897,239881.21500000003
TN,2023.0,sale,312,258204.585,243657.88
TN,2024.0,sale,312,269833.6769871795,259999.70500000002
TN,2025.0,sale,208,273151.26375,265404.33
TX,2000.0,sale,108,109397.7575,98079.33
TX,2001.0,sale,120,110548.18091666666,96875.875
TX,2002.0,sale,120,112108.83991666666,96726.14499999999
TX,2003.0,sale,120,115026.84358333334,100299.195
TX,2004.0,sale,121,120333.03347107438,107450.94
TX,2005.0,sale,143,125425.63097902098,117276.51
TX,2006.0,sale,154,134835.1161038961,127063.61499999999
TX,2007.0,sale,168,137435.97261904762,130854.93000000001
TX,2008.0,sale,171,139004.92666666667,136067.33
TX,2009.0,sale,585,128904.42770940172,126186.34
TX,2010.0,sale,668,126761.65977544911,124071.93
TX,2011.0,sale,681,124277.93537444934,122577.87
TX,2012.0,sale,749,123184.43622162884,120421.89
TX,2013.0,sale,756,126603.71601851852,122566.84
TX,2014.0,sale,760,133477.20139473685,130023.9
TX,2015.0,sale,768,140483.72419270832,134726.34000000003
TX,2016.0,sale,801,147500.63098626718,142934.34
TX,2017.0,sale,804,152201.63584577115,145091.81
TX,2018.0,sale,804,159867.7262562189,151807.37
TX,2019.0,sale,804,168500.73753731343,158937.31
TX,2020.0,sale,804,180491.61700248756,168101.68
TX,2021.0,sale,804,202783.40460199004,185231.90500000003
TX,2022.0,sale,804,226191.6439676617,204165.475
TX,2023.0,sale,804,223999.5332960199,209580.215
TX,2024.0,sale,804,224583.35891791046,211170.59
TX,2025.0,sale,536,223976.7066044776,210335.33000000002
UT,2000.0,sale,32,175010.2521875,177451.995
UT,2001.0,sale,36,181198.33666666667,185501.685
UT,2002.0,sale,36,182547.2925,186926.775
UT,2003.0,sale,36,181624.60305555555,186705.52
UT,2004.0,sale,36,183826.31972222222,188818.22
UT,2005.0,sale,47,189269.68489361703,191652.61
UT,2006.0,sale,48,204608.73916666667,205583.36
UT,2007.0,sale,48,231783.65979166667,227563.26
UT,2008.0,sale,49,237648.19081632653,223829.86
UT,2009.0,sale,93,225061.66505376343,208790.76
UT,2010.0,sale,96,211318.2590625,198775.59999999998
UT,2011.0,sale,94,200066.40882978722,185064.91999999998
UT,2012.0,sale,96,200683.63104166667,182736.505
UT,2013.0,sale,96,219461.176875,200761.745
UT,2014.0,sale,96,233371.9684375,213159.155
UT,2015.0,sale,96,250528.2709375,228480.22999999998
UT,2016.0,sale,107,256017.65485981308,239903.9
UT,2017.0,sale,108,271967.14472222223,263199.37
UT,2018.0,sale,108,295478.0802777778,289043.58999999997
UT,2019.0,sale,108,319405.00787037035,315718.43
UT,2020.0,sale,108,348744.6293518519,342611.135
UT,2021.0,sale,108,428830.2212962963,415434.20499999996
UT,2022.0,sale,108,511608.21564814815,501192.70499999996
UT,2023.0,sale,108,503707.0283333333,485185.885
UT,2024.0,sale,108,514595.7661111111,495468.165
UT,2025.0,sale,72,523869.27805555554,506147.5
VA,2000.0,sale,120,115893.19316666666,117289.05
VA,2001.0,sale,120,124589.8995,124637.275
VA,2002.0,sale,120,134420.29208333333,132054.86
VA,2003.0,sale,120,146064.23116666666,138964.735
VA,2004.0,sale,121,165317.52528925618,155990.26
VA,2005.0,sale,129,192854.60519379846,166566.46
VA,2006.0,sale,130,206766.1706923077,176712.095
VA,2007.0,sale,132,208651.66257575757,177249.16999999998
VA,2008.0,sale,132,197937.51272727273,172930.125
VA,2009.0,sale,153,177472.92849673203,164281.85
VA,2010.0,sale,168,171573.78511904762,160163.465
VA,2011.0,sale,168,166989.58446428573,156839.25
VA,2012.0,sale,168,167742.8011904762,160123.065
VA,2013.0,sale,168,171936.58654761905,164935.53999999998
VA,2014.0,sale,168,175630.09380952382,168407.32
VA,2015.0,sale,168,179047.89541666667,175307.075
VA,2016.0,sale,168,184116.92589285714,180240.16
VA,2017.0,sale,168,189903.72910714286,185319.71
VA,2018.0,sale,168,196862.86279761905,193774.27000000002
VA,2019.0,sale,168,204268.11,203538.16999999998
VA,2020.0,sale,168,216325.42363095237,222178.61
VA,2021.0,sale,168,244226.53666666668,244856.74
VA,2022.0,sale,168,271112.71863095235,266812.49
VA,2023.0,sale,168,282947.2460714286,280588.235
VA,2024.0,sale,168,296161.2274404762,293159.585
VA,2025.0,sale,112,302836.72660714283,302110.64
VT,2000.0,sale,48,123289.58333333333,122457.475
VT,2001.0,sale,48,132910.65375,131587.49
VT,2002.0,sale,48,144243.08333333334,141924.66999999998
VT,2003.0,sale,44,157912.39636363636,154387.41499999998
VT,2004.0,sale,48,174218.84625,172034.21000000002
VT,2005.0,sale,48,194690.69104166667,192344.15000000002
VT,2006.0,sale,48,213681.38666666666,213608.2
VT,2007.0,sale,48,223722.34958333333,226590.29499999998
VT,2008.0,sale,48,225916.13666666666,225825.9
VT,2009.0,sale,48,221088.34375,220992.435
VT,2010.0,sale,48,218665.28375,218613.33000000002
VT,2011.0,sale,48,218089.566875,216888.56
VT,2012.0,sale,48,220200.8775,220387.20500000002
VT,2013.0,sale,48,226265.12666666668,226549.865
VT,2014.0,sale,48,229501.13020833334,230282.69
VT,2015.0,sale,48,233753.163125,234469.495
VT,2016.0,sale,48,235219.41916666666,234051.38
VT,2017.0,sale,48,244811.69833333333,244319.345
VT,2018.0,sale,48,254825.57229166667,251585.22999999998
VT,2019.0,sale,48,260030.665625,258303.5
VT,2020.0,sale,48,273876.195,273108.66500000004
VT,2021.0,sale,48,316628.580625,319515.78500000003
VT,2022.0,sale,48,361606.22125,366732.15
VT,2023.0,sale,48,383071.346875,385192.695
VT,2024.0,sale,48,393403.7160416667,392420.68999999994
VT,2025.0,sale,32,389001.72625,386953.83
WA,2000.0,sale,93,152095.291827957,149919.73
WA,2001.0,sale,114,155931.61649122808,150941.14500000002
WA,2002.0,sale,120,161923.55591666666,154720.675
WA,2003.0,sale,114,172060.88938596493,167728.54499999998
WA,2004.0,sale,120,187561.1355,182175.195
WA,2005.0,sale,119,214940.46302521008,207217.06
WA,2006.0,sale,134,247334.7152238806,245912.825
WA,2007.0,sale,152,263664.0958552632,269434.565
WA,2008.0,sale,171,255641.13064327487,259366.68
WA,2009.0,sale,238,220136.51046218487,202591.435
WA,2010.0,sale,238,208322.99605042016,190482.21500000003
WA,2011.0,sale,240,195000.60425,186556.105
WA,2012.0,sale,240,190827.32983333332,184208.655
WA,2013.0,sale,240,196876.43725,187719.14500000002
WA,2014.0,sale,240,204338.65016666666,190038.96
WA,2015.0,sale,240,215723.98679166666,198358.52000000002
WA,2016.0,sale,240,235511.29295833333,213977.72
WA,2017.0,sale,240,258406.36079166667,239382.33000000002
WA,2018.0,sale,240,285345.63304166665,266087.15
WA,2019.0,sale,240,307598.2415416667,291149.765
WA,2020.0,sale,240,338911.4024166667,324211.83999999997
WA,2021.0,sale,240,405844.3296666667,386468.03
WA,2022.0,sale,240,460083.72495833336,435576.935
WA,2023.0,sale,240,453926.9745416667,432618.435
WA,2024.0,sale,240,465792.8645833333,442086.275
WA,2025.0,sale,160,472163.1621875,447976.08499999996
WI,2000.0,sale,54,127876.66388888888,148454.255
WI,2001.0,sale,63,138048.56619047618,157546.92
WI,2002.0,sale,80,143509.201875,147907.125
WI,2003.0,sale,83,150450.49975903615,150156.49
WI,2004.0,sale,84,161127.23214285713,162593.425
WI,2005.0,sale,94,174299.6620212766,172954.065
WI,2006.0,sale,113,177812.527079646,177197.54
WI,2007.0,sale,120,179428.36375,175991.69
WI,2008.0,sale,136,177479.08772058823,174927.18
WI,2009.0,sale,249,159010.08947791165,158361.14
WI,2010.0,sale,261,153275.33459770115,153226.55
WI,2011.0,sale,264,145569.08526515152,141624.75
WI,2012.0,sale,276,142348.9941304348,138872.74
WI,2013.0,sale,276,146564.58905797102,143379.78499999997
WI,2014.0,sale,276,151695.94014492753,148102.475
WI,2015.0,sale,276,156346.00869565218,154586.39
WI,2016.0,sale,276,163948.6529347826,162664.685
WI,2017.0,sale,276,172851.75170289856,171148.16999999998
WI,2018.0,sale,276,184051.7247463768,184209.62
WI,2019.0,sale,276,195601.0177536232,196473.79499999998
WI,2020.0,sale,276,208658.39467391305,208824.87
WI,2021.0,sale,276,235003.99626811594,234788.745
WI,2022.0,sale,276,257692.04442028987,257325.41999999998
WI,2023.0,sale,276,274356.3508695652,274457.81
WI,2024.0,sale,276,290334.1585869565,290185.66500000004
WI,2025.0,sale,184,303218.0638043478,305108.14
WV,2000.0,sale,60,77837.04366666666,77502.97
WV,2001.0,sale,60,81897.607,81736.525
WV,2002.0,sale,60,84437.16166666667,84476.23999999999
WV,2003.0,sale,60,87605.2865,87522.0
WV,2004.0,sale,66,91499.8612121212,90144.875
WV,2005.0,sale,70,97980.86328571428,92458.67499999999
WV,2006.0,sale,72,103693.07180555556,97225.475
WV,2007.0,sale,69,104542.54376811594,98755.88
WV,2008.0,sale,69,107625.92246376812,101561.86
WV,2009.0,sale,72,105227.63541666667,100902.91
WV,2010.0,sale,72,102948.85027777778,99211.70000000001
WV,2011.0,sale,72,101930.49986111111,98854.83
WV,2012.0,sale,72,102850.41041666667,98812.36499999999
WV,2013.0,sale,72,104052.66819444444,98236.14
WV,2014.0,sale,72,103050.39055555555,97053.54000000001
WV,2015.0,sale,72,109538.1588888889,102884.865
WV,2016.0,sale,83,111863.20228915663,106668.78
WV,2017.0,sale,84,113305.91952380953,108486.15
WV,2018.0,sale,84,117348.14345238096,114337.06
WV,2019.0,sale,84,119026.66940476191,117382.08
WV,2020.0,sale,84,122929.6530952381,120508.13500000001
WV,2021.0,sale,84,136937.81785714286,134097.22499999998
WV,2022.0,sale,84,147475.63714285713,143275.45500000002
WV,2023.0,sale,84,152667.09238095238,146972.505
WV,2024.0,sale,84,159876.65488095238,151907.45
WV,2025.0,sale,56,163961.96660714285,156263.32
WY,2002.0,sale,9,145882.64444444445,145876.89
WY,2003.0,sale,12,150569.18666666668,150549.77000000002
WY,2004.0,sale,12,160922.47416666668,160555.27
WY,2005.0,sale,12,172661.55083333334,172753.44
WY,2006.0,sale,12,180934.6175,180880.31
WY,2007.0,sale,12,190322.7575,189940.93
WY,2008.0,sale,11,198771.2609090909,197861.86
WY,2009.0,sale,53,256073.72396226416,200121.64
WY,2010.0,sale,76,246804.96289473685,202184.22
WY,2011.0,sale,84,230704.06369047618,201401.995
WY,2012.0,sale,108,229419.3914814815,201005.595
WY,2013.0,sale,108,238852.46212962962,210293.505
WY,2014.0,sale,108,245173.0301851852,211242.87
WY,2015.0,sale,108,260722.18148148147,221669.905
WY,2016.0,sale,108,271537.8607407407,225933.615
WY,2017.0,sale,108,276109.6875,233216.72
WY,2018.0,sale,108,283599.8967592593,233880.155
WY,2019.0,sale,108,296685.8753703704,244239.205
WY,2020.0,sale,108,313707.19037037034,257374.165
WY,2021.0,sale,108,359895.3810185185,279492.77
WY,2022.0,sale,108,415892.41435185185,297485.30000000005
WY,2023.0,sale,108,433263.8560185185,312134.105
WY,2024.0,sale,108,449496.4436111111,322659.135
WY,2025.0,sale,72,462167.56652777776,351105.815
